{
  "created_at": "2025-12-15T15:21:31.110814",
  "total_models": 6,
  "best_model": "LightGBM",
  "best_f1": 0.96875,
  "results": {
    "CatBoost": {
      "metrics": {
        "accuracy": 0.9516129032258065,
        "precision": 1.0,
        "recall": 0.9032258064516129,
        "f1": 0.9491525423728814,
        "roc_auc": 0.9864724245577523
      },
      "cv_scores": {
        "accuracy_mean": 0.9343537414965987,
        "accuracy_std": 0.0240416286354725,
        "f1_mean": 0.9334418118773874,
        "f1_std": 0.02431892581443493,
        "roc_auc_mean": 0.9824027777777777,
        "roc_auc_std": 0.01009174733123707
      },
      "threshold": 0.42852611336128205,
      "train_time": 0.13793253898620605
    },
    "XGBoost": {
      "metrics": {
        "accuracy": 0.9354838709677419,
        "precision": 0.8857142857142857,
        "recall": 1.0,
        "f1": 0.9393939393939394,
        "roc_auc": 0.9885535900104059
      },
      "cv_scores": {
        "accuracy_mean": 0.9302721088435375,
        "accuracy_std": 0.035706186318396484,
        "f1_mean": 0.9301937296657794,
        "f1_std": 0.03506982755039123,
        "roc_auc_mean": 0.977361111111111,
        "roc_auc_std": 0.015979829106458045
      },
      "threshold": 0.07425206154584885,
      "train_time": 0.08281302452087402
    },
    "LightGBM": {
      "metrics": {
        "accuracy": 0.967741935483871,
        "precision": 0.9393939393939394,
        "recall": 1.0,
        "f1": 0.96875,
        "roc_auc": 0.9947970863683664
      },
      "cv_scores": {
        "accuracy_mean": 0.93843537414966,
        "accuracy_std": 0.04297575638663153,
        "f1_mean": 0.9391376902287278,
        "f1_std": 0.04175260966871113,
        "roc_auc_mean": 0.9849583333333334,
        "roc_auc_std": 0.016545601966820197
      },
      "threshold": 0.06543244882350274,
      "train_time": 0.017325162887573242
    },
    "Random Forest": {
      "metrics": {
        "accuracy": 0.967741935483871,
        "precision": 1.0,
        "recall": 0.9354838709677419,
        "f1": 0.9666666666666667,
        "roc_auc": 0.9869927159209158
      },
      "cv_scores": {
        "accuracy_mean": 0.9303571428571429,
        "accuracy_std": 0.03779989069794174,
        "f1_mean": 0.929669850919091,
        "f1_std": 0.036644038887405646,
        "roc_auc_mean": 0.9822222222222223,
        "roc_auc_std": 0.00949821295732599
      },
      "threshold": 0.33,
      "train_time": 0.0721292495727539
    },
    "SVM (RBF)": {
      "metrics": {
        "accuracy": 0.9354838709677419,
        "precision": 1.0,
        "recall": 0.8709677419354839,
        "f1": 0.9310344827586207,
        "roc_auc": 0.9646201873048907
      },
      "cv_scores": {
        "accuracy_mean": 0.9181972789115646,
        "accuracy_std": 0.025546459497449544,
        "f1_mean": 0.9170407311860915,
        "f1_std": 0.024942767752969042,
        "roc_auc_mean": 0.9770694444444444,
        "roc_auc_std": 0.009895324060969634
      },
      "threshold": 0.6277330388542158,
      "train_time": 0.003456592559814453
    },
    "Logistic Regression": {
      "metrics": {
        "accuracy": 0.9516129032258065,
        "precision": 0.9666666666666667,
        "recall": 0.9354838709677419,
        "f1": 0.9508196721311475,
        "roc_auc": 0.9573361082206036
      },
      "cv_scores": {
        "accuracy_mean": 0.9263605442176871,
        "accuracy_std": 0.027483750915667727,
        "f1_mean": 0.9251057662658033,
        "f1_std": 0.02583623755971538,
        "roc_auc_mean": 0.963125,
        "roc_auc_std": 0.017819503983619246
      },
      "threshold": 0.19162736896773788,
      "train_time": 0.0019342899322509766
    }
  }
}