{
  "version": "v2",
  "created_at": "2025-12-02T23:10:44.343983",
  "topics": [
    "WBC",
    "三苫",
    "寿司ペロ",
    "広陵",
    "松本人志"
  ],
  "topic_stats": {
    "WBC": {
      "total": 72,
      "positive": "0",
      "negative": "72"
    },
    "三苫": {
      "total": 50,
      "positive": "0",
      "negative": "50"
    },
    "寿司ペロ": {
      "total": 7,
      "positive": "7",
      "negative": "0"
    },
    "広陵": {
      "total": 135,
      "positive": "127",
      "negative": "8"
    },
    "松本人志": {
      "total": 42,
      "positive": "19",
      "negative": "23"
    }
  },
  "features": [
    "volume",
    "delta_volume",
    "negative_rate",
    "delta_negative_rate",
    "stance_favor_rate",
    "stance_against_rate",
    "stance_neutral_rate",
    "flame_score",
    "against_count",
    "sentiment_polarity"
  ],
  "threshold": "0.8502046",
  "metrics": {
    "threshold_05": {
      "threshold": 0.5,
      "accuracy": 0.8870967741935484,
      "precision": 0.9,
      "recall": 0.8709677419354839,
      "f1": 0.8852459016393442,
      "roc_auc": 0.9823100936524454
    },
    "threshold_optimal": {
      "threshold": "0.8502046",
      "accuracy": 0.9354838709677419,
      "precision": 1.0,
      "recall": 0.8709677419354839,
      "f1": 0.9310344827586207,
      "roc_auc": 0.9823100936524454
    },
    "cv_accuracy_mean": 0.921523003701745,
    "cv_accuracy_std": 0.026338457817067576,
    "cv_f1_mean": 0.9183477011494254,
    "cv_f1_std": 0.028948764198254755,
    "cv_roc_auc_mean": 0.9753243149497053,
    "cv_roc_auc_std": 0.020343876952933874
  },
  "feature_importance": {
    "negative_rate": 0.40392860770225525,
    "flame_score": 0.20328021049499512,
    "sentiment_polarity": 0.06794317811727524,
    "stance_favor_rate": 0.06630240380764008,
    "volume": 0.05048198252916336,
    "delta_negative_rate": 0.048092033714056015,
    "stance_neutral_rate": 0.04710886627435684,
    "stance_against_rate": 0.04207572713494301,
    "against_count": 0.03627520427107811,
    "delta_volume": 0.03451184928417206
  },
  "improvements": [
    "複合特徴量 (flame_score, against_count等)",
    "閾値自動調整",
    "正則化パラメータ調整"
  ]
}