{
  "baseline": {
    "feature_count": 7,
    "metrics": {
      "accuracy": 0.9193548387096774,
      "precision": 0.9197916666666667,
      "recall": 0.9193548387096774,
      "f1": 0.9193338537600833
    },
    "cv_f1": "0.9220 ± 0.0242"
  },
  "extended": {
    "feature_count": 10,
    "metrics": {
      "accuracy": 0.8709677419354839,
      "precision": 0.8709677419354839,
      "recall": 0.8709677419354839,
      "f1": 0.8709677419354839
    },
    "cv_f1": "0.9220 ± 0.0271"
  },
  "with_engagement_virtual": {
    "feature_count": 15,
    "metrics": {
      "accuracy": 0.8709677419354839,
      "precision": 0.8709677419354839,
      "recall": 0.8709677419354839,
      "f1": 0.8709677419354839
    },
    "cv_f1": "0.9220 ± 0.0303",
    "note": "仮想エンゲージメントデータを使用"
  }
}