{
  "LightGBM": {
    "metrics": {
      "accuracy": 0.8709677419354839,
      "precision": 0.8709677419354839,
      "recall": 0.8709677419354839,
      "f1": 0.8709677419354839
    },
    "cv_f1": "0.9220 ± 0.0271",
    "train_time": "0.02秒"
  },
  "XGBoost": {
    "metrics": {
      "accuracy": 0.9032258064516129,
      "precision": 0.9049111807732498,
      "recall": 0.9032258064516129,
      "f1": 0.9031250000000001
    },
    "cv_f1": "0.9178 ± 0.0188",
    "train_time": "2.31秒"
  },
  "CatBoost": {
    "metrics": {
      "accuracy": 0.9193548387096774,
      "precision": 0.9197916666666667,
      "recall": 0.9193548387096774,
      "f1": 0.9193338537600833
    },
    "cv_f1": "0.9220 ± 0.0303",
    "train_time": "0.15秒"
  },
  "Random Forest": {
    "metrics": {
      "accuracy": 0.9032258064516129,
      "precision": 0.9049111807732498,
      "recall": 0.9032258064516129,
      "f1": 0.9031250000000001
    },
    "cv_f1": "0.9260 ± 0.0310",
    "train_time": "0.07秒"
  },
  "SVM (RBF)": {
    "metrics": {
      "accuracy": 0.9193548387096774,
      "precision": 0.9233193277310925,
      "recall": 0.9193548387096774,
      "f1": 0.9191655801825294
    },
    "cv_f1": "0.9096 ± 0.0277",
    "train_time": "0.00秒"
  },
  "Logistic Regression": {
    "metrics": {
      "accuracy": 0.8870967741935484,
      "precision": 0.8875000000000001,
      "recall": 0.8870967741935484,
      "f1": 0.8870673952641165
    },
    "cv_f1": "0.9220 ± 0.0271",
    "train_time": "0.00秒"
  }
}