{
  "LightGBM": {
    "metrics": {
      "accuracy": 0.9354838709677419,
      "precision": 0.9428571428571428,
      "recall": 0.9354838709677419,
      "f1": 0.93521421107628
    },
    "cv_f1": "0.9425 ± 0.0398",
    "train_time": "0.03秒"
  },
  "XGBoost": {
    "metrics": {
      "accuracy": 0.9193548387096774,
      "precision": 0.9233193277310925,
      "recall": 0.9193548387096774,
      "f1": 0.9191655801825294
    },
    "cv_f1": "0.9343 ± 0.0474",
    "train_time": "0.14秒"
  },
  "CatBoost": {
    "metrics": {
      "accuracy": 0.9354838709677419,
      "precision": 0.9428571428571428,
      "recall": 0.9354838709677419,
      "f1": 0.93521421107628
    },
    "cv_f1": "0.9425 ± 0.0436",
    "train_time": "0.16秒"
  },
  "Random Forest": {
    "metrics": {
      "accuracy": 0.9354838709677419,
      "precision": 0.9428571428571428,
      "recall": 0.9354838709677419,
      "f1": 0.93521421107628
    },
    "cv_f1": "0.9303 ± 0.0378",
    "train_time": "0.08秒"
  },
  "SVM (RBF)": {
    "metrics": {
      "accuracy": 0.9354838709677419,
      "precision": 0.9373040752351097,
      "recall": 0.9354838709677419,
      "f1": 0.9354166666666667
    },
    "cv_f1": "0.9260 ± 0.0103",
    "train_time": "0.00秒"
  },
  "Logistic Regression": {
    "metrics": {
      "accuracy": 0.9354838709677419,
      "precision": 0.9373040752351097,
      "recall": 0.9354838709677419,
      "f1": 0.9354166666666667
    },
    "cv_f1": "0.9263 ± 0.0274",
    "train_time": "0.00秒"
  }
}